NumShrinks,loss_pol_surr,loss_pol_klpen,loss_pol_entpen,loss_vf_loss,loss_kl,loss_ent,ev_tdlam_before,EpRewMean,EpLenMean,EpThisIter,EpisodesSoFar,TimestepsSoFar,TimeElapsed
1,-0.046317855129,3.18159508197e-05,0.0,0.429315492511,0.0212106337713,4.87575340271,0.0389045476913,181.966880037,329.380952381,21.0,21.0,6917.0,3.281352996826172
1,-0.0466367643385,4.39212851404e-05,0.0,0.349762680358,0.0195205720229,4.87575340271,0.602054953575,304.619304817,405.142857143,21.0,42.0,15425.0,6.606060743331909
1,0.0683073638065,7.32252728426e-05,0.0,0.311202030862,0.0216963780549,4.87575340271,0.657639086246,203.036894149,299.346153846,26.0,68.0,23208.0,9.98196792602539
1,-0.0481397945841,8.79280080426e-05,0.0,0.280824290938,0.0173684953188,4.87575340271,0.736395090818,207.875538063,346.304347826,23.0,91.0,31173.0,13.193786382675171
1,-0.0533514338604,0.000119923329635,0.0,0.267629916314,0.0157923725637,4.87575340271,0.690550178289,251.641619642,407.363636364,22.0,113.0,40135.0,16.06691861152649
1,-0.0458033738541,0.00019787940812,0.0,0.301108215703,0.0173721297324,4.87575340271,0.531414061785,149.273238019,271.3,30.0,143.0,48274.0,19.33712863922119
1,-0.0490060910961,0.000269109046485,0.0,0.243260004558,0.0157503251248,4.87575340271,0.695436269045,141.169196653,355.541666667,24.0,167.0,56807.0,22.535475969314575
1,-0.0448240008263,0.000218636779891,0.0,0.163907014532,0.0127963010018,4.87575340271,0.774788811803,197.560490063,420.5,18.0,185.0,64376.0,25.615758895874023
1,-0.0501960417459,0.000219522269617,0.0,0.223701252835,0.012848126702,4.87575340271,0.688154608011,253.545919271,403.05,20.0,205.0,72437.0,28.44775700569153
1,-0.0482855025912,0.000233930301647,0.0,0.201870650519,0.013691395201,4.87575340271,0.845526352525,374.757269162,429.055555556,18.0,223.0,80160.0,31.0593740940094
1,-0.0436341576424,0.000283303021888,0.0,0.15223878168,0.0165810651743,4.87575340271,0.756834879518,183.657898506,367.0,24.0,247.0,88968.0,34.05529069900513
1,-0.0404992176482,0.000695606661338,0.0,0.284662565333,0.0271414909366,4.87575340271,0.817868873477,140.460757585,334.269230769,26.0,273.0,97659.0,36.88752794265747
1,-0.0506904760769,0.000359734207223,0.0,0.251888197847,0.0140362697566,4.87575340271,0.762659728527,258.676277766,313.56,25.0,298.0,105498.0,40.380523681640625
1,-0.0429039915471,0.000409981626717,0.0,0.181704035145,0.0159968459047,4.87575340271,0.761089593172,156.949213504,395.95,20.0,318.0,113417.0,44.08023428916931
1,-0.0486123713636,0.000339322955142,0.0,0.176638824865,0.0132398543647,4.87575340271,0.818753883243,307.472019353,439.777777778,18.0,336.0,121333.0,47.295562505722046
1,-0.0419300223148,0.000310054631427,0.0,0.17971699452,0.0120978499035,4.87575340271,0.740466594696,241.533720247,432.578947368,19.0,355.0,129552.0,50.137096643447876
1,-0.0492461732938,0.000329749925186,0.0,0.165915765683,0.0128663296637,4.87575340271,0.832260817289,192.978055948,320.08,25.0,380.0,137554.0,53.02841091156006
1,-0.0495385862305,0.000645603819976,0.0,0.228949096985,0.0167936382495,4.87575340271,0.82487270236,282.448679672,427.15,20.0,400.0,146097.0,56.016831398010254
1,-0.0459957296407,0.000524080501236,0.0,0.188739770558,0.0136325375497,4.87575340271,0.797895267606,170.156787361,359.52,25.0,425.0,155085.0,58.96795916557312
1,-0.0481905479173,0.00052242799029,0.0,0.189724176191,0.0135895519197,4.87575340271,0.799891099334,256.067693521,331.16,25.0,450.0,163364.0,62.132023334503174
1,-0.049781856389,0.000402357540224,0.0,0.134879475518,0.0104662437225,4.87575340271,0.825585797429,375.247269266,534.714285714,14.0,464.0,170850.0,65.09786057472229
1,-0.0451348627103,0.00059688973306,0.0,0.202498445055,0.01552647278,4.87575340271,0.823993653059,230.550268357,349.318181818,22.0,486.0,178535.0,68.58624792098999
1,-0.0485876301973,0.000422762883773,0.0,0.138861496933,0.0109970335398,4.87575340271,0.789247140288,301.954288966,423.2,20.0,506.0,186999.0,71.84952640533447
1,-0.0501929942984,0.000487538604375,0.0,0.146870649594,0.0126819988291,4.87575340271,0.759724661708,250.257218875,404.181818182,22.0,528.0,195891.0,74.99559164047241
1,-0.0436683310763,0.000542948137081,0.0,0.200950702652,0.0141233279865,4.87575340271,0.737822294235,232.188812008,395.473684211,19.0,547.0,203405.0,77.91500568389893
1,-0.0484757492231,0.000489947080951,0.0,0.191912685637,0.0127446488405,4.87575340271,0.793215960264,218.075127742,375.217391304,23.0,570.0,212035.0,81.63736152648926
1,-0.0492264303903,0.000939595598538,0.0,0.192508180276,0.0162940263399,4.87575340271,0.806896939874,216.927360521,328.88,25.0,595.0,220257.0,84.39018058776855
1,-0.0482721905428,0.000772808573856,0.0,0.191433420579,0.0134016839002,4.87575340271,0.758953899145,189.684814047,375.761904762,21.0,616.0,228148.0,87.33567547798157
1,-0.0479580475512,0.000691570643994,0.0,0.185562794912,0.0119928938147,4.87575340271,0.654845744371,251.431830361,384.136363636,22.0,638.0,236599.0,90.54896306991577
1,-0.0441355653456,0.000772334674821,0.0,0.199809587793,0.0133934657933,4.87575340271,0.644140303135,186.31914471,426.470588235,17.0,655.0,243849.0,93.61601638793945
1,-0.0498879757652,0.000853512472531,0.0,0.277750865556,0.0148012131394,4.87575340271,0.654395908117,203.600429879,308.903225806,31.0,686.0,253425.0,96.8631682395935
1,-0.0524471707467,0.000735488581995,0.0,0.171275937697,0.0127544981879,4.87575340271,0.625841587782,282.316789989,364.25,20.0,706.0,260710.0,99.74621272087097
1,-0.0506479842443,0.000680969382756,0.0,0.121449660161,0.0118090517426,4.87575340271,0.878806702793,236.632348762,504.235294118,17.0,723.0,269282.0,102.62311339378357
1,-0.0456609995454,0.000899712634691,0.0,0.210532863974,0.0156023946329,4.87575340271,0.733307301998,150.897652334,321.125,24.0,747.0,276989.0,105.66322350502014
1,-0.0492848026188,0.000639259459149,0.0,0.134702435957,0.0110857378386,4.87575340271,0.762552499771,220.062359355,428.3,20.0,767.0,285555.0,108.42756152153015
1,-0.0400775358576,0.00178945222524,0.0,0.174865324458,0.0206878943573,4.87575340271,0.804035276175,139.594427048,321.307692308,26.0,793.0,293909.0,111.77798628807068
1,-0.0481242338428,0.00101017283851,0.0,0.15807801357,0.0116786291692,4.87575340271,0.755552098155,344.976958216,439.105263158,19.0,812.0,302252.0,115.18319153785706
1,-0.0452971264458,0.00102785495255,0.0,0.170460451976,0.011883052488,4.87575340271,0.76138971746,141.670853244,319.84,25.0,837.0,310248.0,118.76176905632019
1,-0.0496888054768,0.000942273039072,0.0,0.117406640144,0.0108936381366,4.87575340271,0.873220354319,274.945084513,550.866666667,15.0,852.0,318511.0,121.46114230155945
1,-0.0477424880373,0.000969505495959,0.0,0.201928611961,0.0112084731372,4.87575340271,0.734339296818,254.145236491,344.347826087,23.0,875.0,326431.0,124.51420259475708
1,-0.0484236261545,0.00208093722176,0.0,0.147575323819,0.0160385051131,4.87575340271,0.724444299936,165.996499114,378.619047619,21.0,896.0,334382.0,127.17712426185608
1,-0.0470299320004,0.0016348103336,0.0,0.218725701561,0.0126000504315,4.87575340271,0.704067260027,189.030501377,271.0,33.0,929.0,343325.0,130.3686637878418
1,-0.0490678921924,0.00155061595069,0.0,0.192003553442,0.0119511351222,4.87575340271,0.708007633686,212.392890346,324.32,25.0,954.0,351433.0,133.49145221710205
1,-0.0494194841303,0.00127644064742,0.0,0.140287461109,0.00983797088702,4.87575340271,0.777318894863,359.532052549,422.5,18.0,972.0,359038.0,136.44617438316345
1,-0.0428043717257,0.00151660196479,0.0,0.155700084346,0.0116889774654,4.87575340271,0.739464879036,198.97926687,334.153846154,26.0,998.0,367726.0,139.33384108543396
1,-0.0461141420528,0.00120295334727,0.0,0.176743258256,0.00927157871774,4.87575340271,0.784212499857,284.200276434,382.0,21.0,1019.0,375748.0,142.10870456695557
1,-0.0474044300208,0.0012908506269,0.0,0.193353436072,0.00994903356332,4.87575340271,0.742874830961,272.010594367,367.5,22.0,1041.0,383833.0,145.08073496818542
1,-0.0488622674893,0.00126709606957,0.0,0.136139813287,0.00976594904205,4.87575340271,0.712076723576,203.287161673,353.0,25.0,1066.0,392658.0,147.75267672538757
1,-0.0440177829878,0.00141136428829,0.0,0.133167345077,0.0108778742288,4.87575340271,0.804886206985,172.033935236,417.166666667,18.0,1084.0,400167.0,150.68864226341248
1,-0.0501553477807,0.00123796446405,0.0,0.169714324526,0.00954142155388,4.87575340271,0.808576136827,170.254370948,401.05,20.0,1104.0,408188.0,154.61644744873047
1,-0.0520832810653,0.00122207429376,0.0,0.208364226157,0.00941895051074,4.87575340271,0.729477673769,312.178821865,381.636363636,22.0,1126.0,416584.0,157.42820405960083
1,-0.049599653983,0.00117226237307,0.0,0.203377550817,0.00903503286099,4.87575340271,0.760241672397,244.004558357,311.185185185,27.0,1153.0,424986.0,160.22729468345642
1,-0.0438132471463,0.00121061882874,0.0,0.137445010361,0.00933065942081,4.87575340271,0.850438937545,354.298886639,460.444444444,18.0,1171.0,433274.0,163.58712530136108
1,-0.0375654026284,0.00161540005047,0.0,0.270293697366,0.0124504486157,4.87575340271,0.815808013082,147.88166397,366.571428571,21.0,1192.0,440972.0,166.65389680862427
1,-0.0488696948887,0.00128718339965,0.0,0.199465347454,0.00992076897091,4.87575340271,0.734125673771,344.29049783,405.476190476,21.0,1213.0,449487.0,169.72122526168823
1,-0.0459945065304,0.0014094117787,0.0,0.174941699021,0.0108628255693,4.87575340271,0.753006517887,241.463931671,353.818181818,22.0,1235.0,457271.0,172.44165802001953
1,-0.0461903718642,0.00130569041448,0.0,0.143250105553,0.0100634089977,4.87575340271,0.796287357807,186.676984176,424.166666667,18.0,1253.0,464906.0,175.5623059272766
1,-0.0501161595894,0.00140082341932,0.0,0.195789997815,0.0107966320938,4.87575340271,0.741172224283,278.827639715,327.25,28.0,1281.0,474069.0,178.6528663635254
1,-0.0457848332881,0.0012279856619,0.0,0.132448432909,0.00946451153868,4.87575340271,0.843004688621,202.735158867,408.476190476,21.0,1302.0,482647.0,181.51520943641663
1,-0.0437501019624,0.00104169909264,0.0,0.120813622081,0.00802873630164,4.87575340271,0.83327960968,267.772560708,450.764705882,17.0,1319.0,490310.0,184.6523952484131
1,-0.0430902026274,0.00125845303228,0.0,0.191571798874,0.0096993340776,4.87575340271,0.880686804652,284.484482592,385.19047619,21.0,1340.0,498399.0,187.69985055923462
1,-0.047126596779,0.0010658009478,0.0,0.133630673867,0.00821449766954,4.87575340271,0.727267742157,313.027134643,452.444444444,18.0,1358.0,506543.0,190.59683656692505
1,-0.0490165800875,0.00114381238109,0.0,0.142194815271,0.00881575884705,4.87575340271,0.754866719246,288.708337385,424.15,20.0,1378.0,515026.0,194.6827518939972
1,-0.0496699665091,0.00118395623758,0.0,0.147533082403,0.00912516145036,4.87575340271,0.763426780701,276.808686986,449.388888889,18.0,1396.0,523115.0,197.57541632652283
1,-0.0511921706202,0.0011762986087,0.0,0.165467882296,0.00906614147971,4.87575340271,0.827278196812,374.17610677,350.76,25.0,1421.0,531884.0,201.01815485954285
1,-0.0479450832354,0.00165881486555,0.0,0.142699361953,0.0127850617064,4.87575340271,0.854872971773,184.537473617,373.05,20.0,1441.0,539345.0,203.97906494140625
1,-0.0471590771922,0.0011664651156,0.0,0.110555997002,0.00899035134353,4.87575340271,0.810642018914,248.63905261,389.636363636,22.0,1463.0,547917.0,207.17430305480957
1,-0.0442131286618,0.00203619540207,0.0,0.146227842779,0.0156936643907,4.87575340271,0.633171737194,229.151816841,407.0,21.0,1484.0,556464.0,210.40623235702515
1,-0.0456589784881,0.00130552863357,0.0,0.180857460247,0.0100621621314,4.87575340271,0.673980683088,190.385791,325.653846154,26.0,1510.0,564931.0,213.64202117919922
1,-0.0446922069095,0.00120348815835,0.0,0.141501500621,0.00927570078784,4.87575340271,0.771205887198,170.675501471,367.0,20.0,1530.0,572271.0,216.6171474456787
1,-0.0477254073703,0.00113493270783,0.0,0.118690659758,0.00874732012744,4.87575340271,0.830550894141,219.177394869,437.526315789,19.0,1549.0,580584.0,220.04443645477295
1,-0.0467891732405,0.00139145652338,0.0,0.230362626724,0.0107244381579,4.87575340271,0.644962072372,284.859314439,380.428571429,21.0,1570.0,588573.0,223.01084423065186
1,-0.0432523749187,0.00138930149751,0.0,0.15582535218,0.0107078286092,4.87575340271,0.699663519859,263.222876156,379.904761905,21.0,1591.0,596551.0,226.09450435638428
1,-0.0484987067175,0.00127670076563,0.0,0.198651946615,0.00983997571893,4.87575340271,0.846123442054,258.357576231,363.304347826,23.0,1614.0,604907.0,229.22604846954346
1,-0.0444767303561,0.00137652067224,0.0,0.217750956188,0.0106093223731,4.87575340271,0.762164890766,299.546662751,433.5,18.0,1632.0,612710.0,232.8597810268402
1,-0.0471512393306,0.00163001783585,0.0,0.1763942088,0.0125631130286,4.87575340271,0.835230484605,130.848823507,287.466666667,30.0,1662.0,621334.0,235.91403198242188
1,-0.0493635070234,0.00137714160792,0.0,0.199038946885,0.0106141081633,4.87575340271,0.838241860271,315.341835203,400.80952381,21.0,1683.0,629751.0,238.8261935710907
1,-0.0495355657185,0.00134908830842,0.0,0.170441817143,0.0103978916086,4.87575340271,0.754091084003,230.515193572,322.481481481,27.0,1710.0,638458.0,241.7581102848053
1,-0.0431186211354,0.00124723263889,0.0,0.16077090014,0.00961285465746,4.87575340271,0.823140338063,223.138930374,379.380952381,21.0,1731.0,646425.0,244.90148997306824
1,-0.0450317630311,0.00111634920177,0.0,0.125935829477,0.00860409052984,4.87575340271,0.821835517883,356.255489116,507.9375,16.0,1747.0,654552.0,247.53159546852112
1,-0.0504221327938,0.00139494482937,0.0,0.150579182489,0.0107513237454,4.87575340271,0.849247351289,288.878413629,347.173913043,23.0,1770.0,662537.0,250.45377445220947
1,-0.0489080596599,0.00121440864677,0.0,0.137372658006,0.00935986875265,4.87575340271,0.723991960287,238.401096611,438.277777778,18.0,1788.0,670426.0,253.49081826210022
1,-0.0446824653773,0.00122160235333,0.0,0.0977354521165,0.00941531316494,4.87575340271,0.732656598091,237.135386072,423.75,20.0,1808.0,678901.0,256.69672751426697
1,-0.0488905232633,0.00137079998058,0.0,0.164525486063,0.010565231074,4.87575340271,0.830121159554,316.004867875,414.75,20.0,1828.0,687196.0,259.75032138824463
1,-0.0472051476245,0.00122282079337,0.0,0.164053359244,0.00942470408336,4.87575340271,0.817989394069,220.978147414,296.928571429,28.0,1856.0,695510.0,262.615918636322
1,-0.049304919361,0.00141699694177,0.0,0.200619344134,0.0109212870375,4.87575340271,0.748987317085,282.668867343,382.210526316,19.0,1875.0,702772.0,265.36277890205383
1,-0.0452885397899,0.00154235681111,0.0,0.203915463528,0.0118874790642,4.87575340271,0.728055149317,171.820130083,356.0,24.0,1899.0,711316.0,269.167245388031
1,-0.0463898955059,0.00128741462777,0.0,0.176074995543,0.00992255120218,4.87575340271,0.789121583104,249.667474622,333.5,26.0,1925.0,719987.0,272.2931008338928
1,-0.0402625220304,0.00138785180479,0.0,0.239888046635,0.0106966553503,4.87575340271,0.688517481089,221.748545009,445.882352941,17.0,1942.0,727567.0,274.9837234020233
1,-0.0483753169392,0.00133267738875,0.0,0.199446781538,0.0102714070163,4.87575340271,0.778417751193,360.153724409,423.772727273,22.0,1964.0,736890.0,277.8853807449341
1,-0.0476943246831,0.00123908903151,0.0,0.209640860325,0.00955008904566,4.87575340271,0.701489925385,266.950165245,370.722222222,18.0,1982.0,743563.0,280.95134687423706
1,-0.0474614153209,0.00120112133573,0.0,0.183506180416,0.00925745887071,4.87575340271,0.796381056309,218.197922948,343.071428571,28.0,2010.0,753169.0,284.0599479675293
1,-0.0487881996087,0.00115984380136,0.0,0.158855484216,0.00893931848987,4.87575340271,0.861516222358,333.586807852,513.153846154,13.0,2023.0,759840.0,286.97467732429504
1,-0.0420457914588,0.00184721490587,0.0,0.240480583743,0.0142371261609,4.87575340271,0.725692778826,204.481210664,330.827586207,29.0,2052.0,769434.0,290.1096603870392
1,-0.0452093567001,0.0013064929044,0.0,0.180303663015,0.0100695941073,4.87575340271,0.780870273709,213.469342333,432.722222222,18.0,2070.0,777223.0,292.78390765190125
1,-0.0502974834526,0.00141651948798,0.0,0.21981677413,0.0109176071564,4.87575340271,0.613643914461,214.552736007,347.875,24.0,2094.0,785572.0,296.0596559047699
1,-0.0466411847883,0.00132266945457,0.0,0.17331485718,0.0101942723704,4.87575340271,0.802918553352,257.565267815,338.0,22.0,2116.0,793008.0,298.99168634414673
1,-0.049099604963,0.00137816335155,0.0,0.148482365825,0.0106219831214,4.87575340271,0.821264907718,429.792025661,470.263157895,19.0,2135.0,801943.0,302.1175718307495
1,-0.0496524221817,0.00124560983659,0.0,0.146646628156,0.00960034716263,4.87575340271,0.883992701769,393.13024586,455.944444444,18.0,2153.0,810150.0,305.8643252849579
1,-0.0448987643613,0.00118096664301,0.0,0.150894201768,0.00910211966402,4.87575340271,0.824934244156,393.061896372,452.941176471,17.0,2170.0,817850.0,308.90675950050354
1,-0.0438050009252,0.00209999668459,0.0,0.202320482698,0.0161854029866,4.87575340271,0.792786285281,192.989738137,301.785714286,28.0,2198.0,826300.0,312.1985549926758
1,-0.0441815787199,0.00108791939601,0.0,0.114861412381,0.0083849722796,4.87575340271,0.704473912716,195.883142678,375.272727273,22.0,2220.0,834556.0,315.21023416519165
1,-0.0461875964829,0.00124997346938,0.0,0.167131199501,0.00963397917076,4.87575340271,0.806573584676,207.311062065,326.083333333,24.0,2244.0,842382.0,318.2121903896332
1,-0.0418256495905,0.00157311768453,0.0,0.211492848815,0.0121245638657,4.87575340271,0.812022998929,160.748286315,382.0,21.0,2265.0,850404.0,321.36802220344543
1,-0.0489112915529,0.00111315020149,0.0,0.100928449945,0.00857943476876,4.87575340271,0.853095367551,408.803087736,526.375,16.0,2281.0,858826.0,324.16264271736145
1,-0.0416467086761,0.00119644480401,0.0,0.237601902685,0.00922141526826,4.87575340271,0.770964771509,211.042776246,395.0,21.0,2302.0,867121.0,327.3183720111847
1,-0.0468608275551,0.00118025318625,0.0,0.183849881752,0.00909662077174,4.87575340271,0.757307946682,399.490158844,480.166666667,18.0,2320.0,875764.0,330.18980169296265
1,-0.0433606434781,0.00117543819306,0.0,0.190507304505,0.00905950993183,4.87575340271,0.715509563684,292.083845218,411.75,20.0,2340.0,883999.0,332.821236371994
1,-0.044435403528,0.00105498981884,0.0,0.128806299588,0.00813117252255,4.87575340271,0.866469144821,259.636653326,437.294117647,17.0,2357.0,891433.0,336.3415126800537
1,-0.0495588232588,0.00156733896802,0.0,0.183347619721,0.0120800252334,4.87575340271,0.79630151391,298.342678995,370.958333333,24.0,2381.0,900336.0,339.3839690685272
1,-0.0470699739235,0.00118890434896,0.0,0.117996725778,0.00916329830943,4.87575340271,0.831986933947,248.235115895,396.0,19.0,2400.0,907860.0,343.27897477149963
1,-0.048847694401,0.00132989878057,0.0,0.200527519919,0.0102499912828,4.87575340271,0.772387683392,204.718871692,359.608695652,23.0,2423.0,916131.0,346.3343725204468
1,-0.0459277439222,0.00156497195712,0.0,0.147043467034,0.0120617818029,4.87575340271,0.82213871181,134.173910643,343.833333333,24.0,2447.0,924383.0,349.17880725860596
1,-0.0416270636342,0.00109420919216,0.0,0.083376065857,0.00843344986788,4.87575340271,0.690443813801,204.741140548,458.294117647,17.0,2464.0,932174.0,352.0244951248169
1,-0.0441062893224,0.00190494664639,0.0,0.197502853815,0.0146820846494,4.87575340271,0.82458370924,193.788314216,301.068965517,29.0,2493.0,940905.0,354.76354932785034
1,-0.0445989341097,0.00118790033866,0.0,0.141403549758,0.00915556006657,4.87575340271,0.779099330306,346.081922124,511.6,15.0,2508.0,948579.0,357.44039487838745
1,-0.0464192120708,0.00133155096773,0.0,0.208292012452,0.0102627253145,4.87575340271,0.648650765419,264.76714408,332.740740741,27.0,2535.0,957563.0,360.51051568984985
1,-0.0418893156166,0.0016554993208,0.0,0.202095070039,0.0127595076119,4.87575340271,0.825731351972,233.149240229,366.1,20.0,2555.0,964885.0,363.29052662849426
1,-0.0419896898529,0.00143787084289,0.0,0.168417679495,0.0110821694543,4.87575340271,0.783391043544,185.858935168,339.28,25.0,2580.0,973367.0,366.677357673645
1,-0.048129318151,0.0013297197238,0.0,0.129435575916,0.0102486112373,4.87575340271,0.859828397632,215.311863115,354.291666667,24.0,2604.0,981870.0,369.3788869380951
1,-0.0459298271599,0.0012245287262,0.0,0.142696016468,0.00943786770222,4.87575340271,0.78184697032,200.446615417,455.0,18.0,2622.0,990060.0,372.4103515148163
1,-0.0427233267546,0.00188271235493,0.0,0.163047564798,0.0145107171847,4.87575340271,0.615631580353,197.614987621,458.0,17.0,2639.0,997846.0,375.1820662021637
1,-0.045275706987,0.0013049403351,0.0,0.180989037734,0.0100576279292,4.87575340271,0.53094547987,209.220777596,381.095238095,21.0,2660.0,1005849.0,377.9678387641907
1,-0.0462340855447,0.00114797707829,0.0,0.118951995333,0.00884785760718,4.87575340271,0.854980394244,404.820220056,486.470588235,17.0,2677.0,1014119.0,381.7715322971344
1,-0.0471761010558,0.00117761619458,0.0,0.110935698787,0.0090762965483,4.87575340271,0.870253637433,251.072698492,430.714285714,21.0,2698.0,1023164.0,384.94362711906433
1,-0.04729160438,0.0011715086921,0.0,0.123650622612,0.00902922391833,4.87575340271,0.780348569155,208.481502295,369.0,21.0,2719.0,1030913.0,388.10212087631226
1,-0.0459621648624,0.0012127183445,0.0,0.175138238264,0.00934684100503,4.87575340271,0.656422704458,229.964857591,404.523809524,21.0,2740.0,1039408.0,391.3380072116852
1,-0.0446524907165,0.00130623065525,0.0,0.156003157375,0.0100675728245,4.87575340271,0.778955578804,276.479313577,387.095238095,21.0,2761.0,1047537.0,394.313880443573
1,-0.0474555171386,0.00119362055011,0.0,0.148215514957,0.00919964767672,4.87575340271,0.751710057259,275.303637039,418.75,20.0,2781.0,1055912.0,397.5529406070709
1,-0.0489377400663,0.00126588399053,0.0,0.178660948877,0.00975660711265,4.87575340271,0.786146253347,200.086203117,308.875,24.0,2805.0,1063325.0,400.26391339302063
1,-0.0474262378266,0.00137064200408,0.0,0.146479224262,0.0105640134789,4.87575340271,0.748646020889,280.115040779,416.15,20.0,2825.0,1071648.0,403.3493185043335
1,-0.0484142716596,0.00126390452715,0.0,0.166797934682,0.00974135070283,4.87575340271,0.76786968112,261.295498272,384.772727273,22.0,2847.0,1080113.0,406.1460564136505
1,-0.045692976084,0.00129880656823,0.0,0.0889761195285,0.0100103528021,4.87575340271,0.670311838388,215.27791507,553.933333333,15.0,2862.0,1088422.0,408.91275811195374
1,-0.0472018773435,0.00128944852713,0.0,0.171405057772,0.00993822717282,4.87575340271,0.708909988403,346.016959486,382.25,20.0,2882.0,1096067.0,411.9679551124573
1,-0.0472166561813,0.00119905650899,0.0,0.133725307824,0.00924154448876,4.87575340271,0.83517691493,220.978149027,375.619047619,21.0,2903.0,1103955.0,414.56400537490845
1,-0.0466305937443,0.00126412889767,0.0,0.163073352654,0.00974307993602,4.87575340271,0.679019421339,339.094446413,467.777777778,18.0,2921.0,1112375.0,418.3165805339813
1,-0.0425528249471,0.00113856293501,0.0,0.137857828639,0.00877529953868,4.87575340271,0.819414660335,346.700056811,510.625,16.0,2937.0,1120545.0,421.4378545284271
1,-0.0424895139295,0.00160406006489,0.0,0.278137782705,0.0123630474773,4.87575340271,0.619020551443,146.979729441,395.19047619,21.0,2958.0,1128844.0,424.501921415329
1,-0.0401671585569,0.00368704475659,0.0,0.242326788139,0.0189448880919,4.87575340271,0.672593533993,153.101149297,279.0,30.0,2988.0,1137214.0,427.42302441596985
0,-0.0593648191862,0.00580665050802,0.0,0.105387350777,0.0298359121953,4.87575340271,0.916622646153,284.113291415,369.958333333,24.0,3012.0,1146093.0,430.3830029964447
1,-0.0420844406326,0.00174163066367,0.0,0.149866177351,0.00894890089694,4.87575340271,0.72209841013,219.565050394,414.722222222,18.0,3030.0,1153558.0,433.22218465805054
1,-0.0470910905278,0.00156845609854,0.0,0.132144468196,0.00805908988696,4.87575340271,0.787712395191,318.856850583,417.894736842,19.0,3049.0,1161498.0,436.0706453323364
1,-0.0450189511976,0.00161331689924,0.0,0.168766209157,0.00828959503269,4.87575340271,0.784889683127,205.843896433,334.44,25.0,3074.0,1169859.0,438.8943862915039
0,-0.0590961447742,0.005510235369,0.0,0.115052643872,0.0283128626179,4.87575340271,0.849546715617,229.758180422,412.4,20.0,3094.0,1178107.0,442.3227746486664
1,-0.0445267048635,0.00182061684063,0.0,0.168926849146,0.00935475002188,4.87575340271,0.660736650229,198.652961489,423.666666667,21.0,3115.0,1187004.0,445.5681104660034
1,-0.0446850332664,0.00167055490965,0.0,0.128873499692,0.00858369717025,4.87575340271,0.645740300417,269.3703713,405.0,19.0,3134.0,1194699.0,448.30455803871155
1,-0.0467542711121,0.00179888556522,0.0,0.242045424646,0.00924308978574,4.87575340271,0.784697249532,146.193603756,300.833333333,30.0,3164.0,1203724.0,451.16002345085144
1,-0.0460144374229,0.00169912162437,0.0,0.123221465823,0.00873047958885,4.87575340271,0.796247690916,169.284218095,407.75,16.0,3180.0,1210248.0,454.9947135448456
1,-0.0453575929569,0.00158214651492,0.0,0.156328668934,0.00812943444907,4.87575340271,0.830231055617,330.676216137,431.0,21.0,3201.0,1219299.0,457.79014444351196
1,-0.044563895186,0.0018226547345,0.0,0.184011517791,0.00936522117991,4.87575340271,0.644423931837,281.332316474,382.428571429,21.0,3222.0,1227330.0,460.3008258342743
1,-0.0453020833374,0.00162069728867,0.0,0.190480319201,0.00832751724374,4.87575340271,0.720893055201,239.629112171,419.0,21.0,3243.0,1236129.0,463.2953050136566
1,-0.0440668561496,0.00207066990515,0.0,0.197926726541,0.0106395804905,4.87575340271,0.615554124117,311.045138983,402.4,20.0,3263.0,1244177.0,466.49139857292175
0,-0.0614454061724,0.00569438108869,0.0,0.135487384978,0.0292590459285,4.87575340271,0.765135914087,288.093231044,418.55,20.0,3283.0,1252548.0,469.43189764022827
1,-0.0493254530884,0.00151201956305,0.0,0.129885243776,0.00776910589775,4.87575340271,0.794756174088,379.047471897,505.4375,16.0,3299.0,1260635.0,472.43170952796936
1,-0.0416042684374,0.00223202872439,0.0,0.257547955727,0.011468679375,4.87575340271,0.738951653242,215.359359024,456.5,18.0,3317.0,1268852.0,475.5369334220886
0,-0.0611999668035,0.00558919531977,0.0,0.0901386970654,0.0287185771449,4.87575340271,0.830602020025,286.258228633,398.3,20.0,3337.0,1276818.0,478.4999186992645
1,-0.0429312040505,0.00165888748325,0.0,0.166681351373,0.00852374725218,4.87575340271,0.913630701602,306.201661834,474.764705882,17.0,3354.0,1284889.0,481.41404581069946
1,-0.0467248253553,0.00164170439893,0.0,0.156752381823,0.00843545659882,4.87575340271,0.545340836048,395.961869281,483.9375,16.0,3370.0,1292632.0,484.27398800849915
1,-0.0432190687425,0.00164965245222,0.0,0.109432512603,0.00847629547206,4.87575340271,0.757887855172,257.118991338,473.263157895,19.0,3389.0,1301624.0,487.3337182998657
1,-0.0441855612153,0.00227712905325,0.0,0.233039716491,0.0117004153217,4.87575340271,0.743687957525,376.543643817,443.944444444,18.0,3407.0,1309615.0,491.4904441833496
1,-0.0459916711843,0.00175647562355,0.0,0.170819983585,0.00902517767099,4.87575340271,0.701562911272,271.640790037,418.578947368,19.0,3426.0,1317568.0,494.05083107948303
1,-0.0435640292271,0.00165193913563,0.0,0.148325082322,0.00848804501584,4.87575340271,0.789310798049,333.668904184,423.952380952,21.0,3447.0,1326471.0,497.05847001075745
1,-0.0450513405231,0.00173683609319,0.0,0.127594518068,0.00892426523205,4.87575340271,0.784996688366,247.08197203,450.411764706,17.0,3464.0,1334128.0,500.1213917732239
1,-0.0448105460673,0.00151183513299,0.0,0.141939862864,0.00776815826976,4.87575340271,0.780788704753,257.523447529,366.695652174,23.0,3487.0,1342562.0,503.3069486618042
1,-0.045512212324,0.00181266403524,0.0,0.179607760278,0.00931388665776,4.87575340271,0.787513807416,284.746854574,403.263157895,19.0,3506.0,1350224.0,506.51897048950195
1,-0.048135175326,0.0019671580485,0.0,0.175163817941,0.010107712631,4.87575340271,0.823049023747,247.876186626,327.52,25.0,3531.0,1358412.0,509.6540229320526
1,-0.0436262802541,0.00199477916976,0.0,0.161858859996,0.0102496363688,4.87575340271,0.679932683706,311.342600143,421.578947368,19.0,3550.0,1366422.0,512.2578854560852
1,-0.0475650522567,0.00159240879293,0.0,0.143114519655,0.00818216435437,4.87575340271,0.773594304919,303.947208645,475.888888889,18.0,3568.0,1374988.0,515.1788601875305
1,-0.0461300046591,0.00180623940832,0.0,0.190604924341,0.00928087544162,4.87575340271,0.712430268526,284.463003028,365.909090909,22.0,3590.0,1383038.0,517.9089267253876
1,-0.0473081536911,0.00172668499181,0.0,0.107696170977,0.00887210648216,4.87575340271,0.883583150804,400.479281838,505.133333333,15.0,3605.0,1390615.0,520.6380670070648
1,-0.0490374569417,0.00154371300778,0.0,0.125582871842,0.00793195422011,4.87575340271,0.891452908516,418.208089332,445.9,20.0,3625.0,1399533.0,523.626461982727
1,-0.0463720145417,0.00152427742159,0.0,0.118123035063,0.00783208967187,4.87575340271,0.786430314183,239.510692342,482.823529412,17.0,3642.0,1407741.0,526.784615278244
1,-0.043478100124,0.00158978425407,0.0,0.134607203596,0.00816867893445,4.87575340271,0.821710914373,244.021749461,430.842105263,19.0,3661.0,1415927.0,530.5262246131897
0,-0.0537132433383,0.00513799359396,0.0,0.0630816676421,0.0264001985197,4.87575340271,0.910086557269,268.236249085,403.157894737,19.0,3680.0,1423587.0,533.4878575801849
1,-0.0457366442133,0.00172379849755,0.0,0.127273012709,0.00885727498826,4.87575340271,0.835668638349,204.307792517,429.1,20.0,3700.0,1432169.0,536.692743062973
1,-0.0464380922058,0.00165134209419,0.0,0.137540571857,0.00848497728293,4.87575340271,0.714176386595,447.80546795,553.733333333,15.0,3715.0,1440475.0,539.5218830108643
1,-0.0463630324812,0.0017110591325,0.0,0.136878496502,0.00879181723576,4.87575340271,0.725416183472,329.179035724,380.619047619,21.0,3736.0,1448468.0,542.2810552120209
1,-0.0479259248532,0.0016356647011,0.0,0.175567635917,0.00840442325716,4.87575340271,0.815498322248,480.828679079,514.529411765,17.0,3753.0,1457215.0,545.3433334827423
0,-0.0629194018984,0.00558374232423,0.0,0.110489104351,0.0286905584217,4.87575340271,0.759930983186,356.470439453,423.105263158,19.0,3772.0,1465254.0,548.0813519954681
1,-0.0440043739509,0.00169684479442,0.0,0.171962471213,0.00871878066391,4.87575340271,0.81005781889,158.200167307,378.095238095,21.0,3793.0,1473194.0,550.9495203495026
1,-0.0471880231344,0.00162809238736,0.0,0.148838526395,0.00836551497923,4.87575340271,0.806644901633,315.883451063,398.909090909,22.0,3815.0,1481970.0,553.884045124054
1,-0.0445531903679,0.00182339485491,0.0,0.183797509759,0.00936902413378,4.87575340271,0.876001834869,353.577714665,402.05,20.0,3835.0,1490011.0,556.7119336128235
0,-0.0589569622825,0.00578502362987,0.0,0.0964493119391,0.0297247883282,4.87575340271,0.812989711761,355.12919873,532.142857143,14.0,3849.0,1497461.0,559.6799614429474
1,-0.0442972624005,0.00199339299434,0.0,0.166050943313,0.0102425138757,4.87575340271,0.844491332769,270.152515598,396.227272727,22.0,3871.0,1506178.0,562.485565662384
1,-0.0462474174856,0.00162724545044,0.0,0.12765216628,0.00836116317078,4.87575340271,0.818826436996,313.519495322,459.666666667,18.0,3889.0,1514452.0,566.5560901165009
1,-0.0462942742161,0.00215492635107,0.0,0.160987507435,0.0110725095728,4.87575340271,0.768277034163,374.380652006,423.631578947,19.0,3908.0,1522501.0,569.5887191295624
1,-0.0471356024791,0.0016114924947,0.0,0.177942645503,0.00828022081987,4.87575340271,0.77995274961,450.553599172,458.947368421,19.0,3927.0,1531221.0,572.4821701049805
1,-0.0484206872206,0.00161034432676,0.0,0.170598825323,0.00827432126971,4.87575340271,0.704210013151,235.425229614,408.0,20.0,3947.0,1539381.0,576.0826382637024
0,-0.0547323244173,0.00549643121485,0.0,0.0956277985242,0.0282419337891,4.87575340271,0.799481391907,195.416961187,423.368421053,19.0,3966.0,1547425.0,579.3787698745728
0,-0.0577361184478,0.00513504173796,0.0,0.115408770449,0.0263850311167,4.87575340271,0.853788971901,402.497174897,494.647058824,17.0,3983.0,1555834.0,582.5575304031372
1,-0.0467270703957,0.00174816932304,0.0,0.126088381745,0.00898249792226,4.87575340271,0.802560150623,339.448622664,427.647058824,17.0,4000.0,1563104.0,585.8125469684601
1,-0.0447608318937,0.00184191607696,0.0,0.154785541585,0.0094641904725,4.87575340271,0.692300647497,326.105282099,385.590909091,22.0,4022.0,1571587.0,589.0909869670868
1,-0.0444358915993,0.0018014203597,0.0,0.153887541557,0.00925611406274,4.87575340271,0.829602360725,247.473096608,436.052631579,19.0,4041.0,1579872.0,592.2404408454895
1,-0.0432942517509,0.00183714357627,0.0,0.163058567909,0.0094396682689,4.87575340271,0.647085100412,303.241033331,384.1,20.0,4061.0,1587554.0,595.445958852768
1,-0.0480012324115,0.00173279962655,0.0,0.16874028556,0.00890352493298,4.87575340271,0.778382912278,353.449938981,390.142857143,21.0,4082.0,1595747.0,598.6544499397278
1,-0.0449241289607,0.00182923035391,0.0,0.189867182053,0.009399008326,4.87575340271,0.803035363555,330.062825296,442.368421053,19.0,4101.0,1604152.0,601.7284543514252
1,-0.0441456157278,0.00188765691291,0.0,0.13844097039,0.00969921738579,4.87575340271,0.797798141837,305.59938243,463.578947368,19.0,4120.0,1612960.0,606.2791111469269
1,-0.0475420753064,0.00191322380851,0.0,0.190326863551,0.0098305860156,4.87575340271,0.856547415257,272.806699964,350.608695652,23.0,4143.0,1621024.0,609.508775472641
1,-0.0455510342872,0.00170785793307,0.0,0.162285589729,0.00877536874759,4.87575340271,0.660776287317,324.001283434,408.526315789,19.0,4162.0,1628786.0,612.6376378536224
1,-0.0479494006431,0.00166661893672,0.0,0.126814310788,0.00856347323861,4.87575340271,0.841146528721,374.689410341,429.65,20.0,4182.0,1637379.0,615.8278903961182
1,-0.0445193841588,0.00156744938067,0.0,0.183634672314,0.00805391716131,4.87575340271,0.585473686457,315.269181568,383.047619048,21.0,4203.0,1645423.0,619.0972027778625
1,-0.0443059250538,0.00184753091162,0.0,0.187842166633,0.0094930406849,4.87575340271,0.846597015858,271.380448706,333.269230769,26.0,4229.0,1654088.0,622.2795944213867
1,-0.0471493617806,0.00161220558766,0.0,0.118289097736,0.00828388488299,4.87575340271,0.809839919209,368.508297138,492.0625,16.0,4245.0,1661961.0,625.4252762794495
1,-0.0421283513133,0.00176088862918,0.0,0.164324585348,0.00904785268358,4.87575340271,0.74337926507,307.869260746,387.842105263,19.0,4264.0,1669330.0,628.4032981395721
0,-0.0599756047013,0.00581893885465,0.0,0.102518981788,0.0298990526644,4.87575340271,0.839201137424,386.940066777,458.05,20.0,4284.0,1678491.0,631.6529512405396
0,-0.0572269411641,0.0053266980176,0.0,0.147560075624,0.0273698053206,4.87575340271,0.734635233879,318.090062844,409.0,19.0,4303.0,1686262.0,634.9436092376709
1,-0.0446451138123,0.00155917288248,0.0,0.164783720509,0.00801139059331,4.87575340271,0.737408488989,320.378292453,457.473684211,19.0,4322.0,1694954.0,638.1948964595795
1,-0.0443199031288,0.00168865805699,0.0,0.163301255205,0.00867671531159,4.87575340271,0.615953028202,272.416114378,436.611111111,18.0,4340.0,1702813.0,641.4652292728424
1,-0.0493795650546,0.00175523817597,0.0,0.146777651098,0.00901881943719,4.87575340271,0.740618884563,352.888531618,445.157894737,19.0,4359.0,1711271.0,646.4802942276001
1,-0.0424353425042,0.00162905427987,0.0,0.188988473499,0.00837045739172,4.87575340271,0.667847067118,249.943886739,372.181818182,22.0,4381.0,1719459.0,649.7753360271454
1,-0.0452235659177,0.00174730732033,0.0,0.113934205438,0.00897806878493,4.87575340271,0.625267237425,269.518478451,369.272727273,22.0,4403.0,1727583.0,652.928512096405
1,-0.0460989851417,0.00166661083949,0.0,0.171558058704,0.00856343164924,4.87575340271,0.779769301414,286.197934338,359.47826087,23.0,4426.0,1735851.0,656.1836061477661
1,-0.0448455378355,0.00188874286596,0.0,0.156294835557,0.00970479722309,4.87575340271,0.681075841188,202.174988828,392.315789474,19.0,4445.0,1743305.0,659.3710560798645
1,-0.0407852337521,0.00173626998367,0.0,0.165101094171,0.00892135642061,4.87575340271,0.817827373743,450.191550922,521.6875,16.0,4461.0,1751652.0,662.4777729511261
1,-0.0455541446718,0.0017296156384,0.0,0.17021435115,0.00888716489862,4.87575340271,0.782476663589,289.799461359,438.210526316,19.0,4480.0,1759978.0,665.6581802368164
1,-0.0454560984799,0.0017541960724,0.0,0.187702041236,0.00901346481987,4.87575340271,0.608718752861,259.706588964,398.136363636,22.0,4502.0,1768737.0,668.7020175457001
1,-0.0444690146433,0.00172194927472,0.0,0.160596162896,0.00884777327883,4.87575340271,0.667607963085,238.164239696,353.391304348,23.0,4525.0,1776865.0,671.9622449874878
1,-0.0414157363412,0.00181190951298,0.0,0.165478735929,0.00931000984565,4.87575340271,0.76345166564,187.866127112,350.227272727,22.0,4547.0,1784570.0,675.1690850257874
1,-0.0455271221872,0.00174446323581,0.0,0.185400367016,0.00896345524961,4.87575340271,0.802008599043,355.6081605,463.777777778,18.0,4565.0,1792918.0,678.5002620220184
1,-0.0427694282989,0.0016394653876,0.0,0.120334010338,0.00842395206564,4.87575340271,0.797737360001,325.93067462,417.210526316,19.0,4584.0,1800845.0,681.6028325557709
1,-0.0419027118478,0.00158356282373,0.0,0.115946679434,0.00813671170181,4.87575340271,0.782802164555,166.984515708,405.473684211,19.0,4603.0,1808549.0,686.196138381958
1,-0.0440985574241,0.00230773420844,0.0,0.138768255943,0.0118576717068,4.87575340271,0.718874841928,232.495733863,365.291666667,24.0,4627.0,1817316.0,689.4523141384125
1,-0.0450226179091,0.00162529928457,0.0,0.10127148038,0.00835116333474,4.87575340271,0.769670441747,304.570383684,468.777777778,18.0,4645.0,1825754.0,692.6328701972961
1,-0.0454707469762,0.00150614027825,0.0,0.150976781966,0.0077388967984,4.87575340271,0.890899509192,262.847741884,376.47826087,23.0,4668.0,1834413.0,695.9160287380219
1,-0.0435283513361,0.00175617460081,0.0,0.118514583679,0.00902363096247,4.87575340271,0.868994265795,212.935644456,360.476190476,21.0,4689.0,1841983.0,699.1358730792999
1,-0.0456519310246,0.00165674548225,0.0,0.129133307142,0.00851274116576,4.87575340271,0.69863280654,342.680455905,518.375,16.0,4705.0,1850277.0,702.5106146335602
1,-0.0374929885729,0.00197317089896,0.0,0.0894556887797,0.0101386080642,4.87575340271,0.873118013144,208.207824103,424.95,20.0,4725.0,1858776.0,705.8397226333618
1,-0.0473492173915,0.00180292465666,0.0,0.174788121018,0.00926384350169,4.87575340271,0.855565965176,292.679768456,343.15,20.0,4745.0,1865639.0,709.192779302597
0,-0.0604773457599,0.00572493698201,0.0,0.108559556596,0.0294160492485,4.87575340271,0.805923059583,503.640039258,479.3,20.0,4765.0,1875225.0,712.1656641960144
1,-0.0485919059138,0.00177556342078,0.0,0.222120115301,0.00912325520767,4.87575340271,0.682155877352,293.466364104,338.391304348,23.0,4788.0,1883008.0,715.3207995891571
1,-0.04429250049,0.00195821785019,0.0,0.222910950426,0.0100617758435,4.87575340271,0.787726834416,176.656592446,326.923076923,26.0,4814.0,1891508.0,718.3666625022888
0,-0.0582501917088,0.0053925072425,0.0,0.127706914907,0.0277079482621,4.87575340271,0.860478803515,265.542805097,333.833333333,24.0,4838.0,1899520.0,721.5981402397156
1,-0.0398909343639,0.00215704777293,0.0,0.215065162047,0.0110834098959,4.87575340271,0.739326566458,225.997414033,437.473684211,19.0,4857.0,1907832.0,724.4672820568085
1,-0.0449523315619,0.00169274779182,0.0,0.155810643511,0.00869772932492,4.87575340271,0.834119215608,318.99137997,410.947368421,19.0,4876.0,1915640.0,728.8133382797241
1,-0.0482282589364,0.00166515401907,0.0,0.185994138941,0.00855594614404,4.87575340271,0.829272255301,341.825874344,380.565217391,23.0,4899.0,1924393.0,732.0108821392059
1,-0.0430858360196,0.00167431053706,0.0,0.131248569698,0.00860299445048,4.87575340271,0.744878649712,296.518519077,394.105263158,19.0,4918.0,1931881.0,735.3481006622314
1,-0.0475776981984,0.0016825171424,0.0,0.134302671067,0.00864516190632,4.87575340271,0.781303718686,436.079076882,507.5,18.0,4936.0,1941016.0,738.5352919101715
1,-0.0477206638316,0.00159408370746,0.0,0.173147113877,0.00819077046617,4.87575340271,0.786712348461,379.3706405,376.578947368,19.0,4955.0,1948171.0,741.4677922725677
1,-0.0441304747583,0.0020058043865,0.0,0.171904018905,0.0103062865019,4.87575340271,0.764156714082,253.85230594,364.47826087,23.0,4978.0,1956554.0,744.2857463359833
1,-0.0474959427374,0.0015444192577,0.0,0.148299757391,0.00793558306032,4.87575340271,0.775438010693,405.938799404,498.625,16.0,4994.0,1964532.0,747.6826817989349
1,-0.046331887097,0.00176100216049,0.0,0.137132987671,0.00904843603348,4.87575340271,0.896142944694,271.366252368,396.761904762,21.0,5015.0,1972864.0,751.001461982727
1,-0.0462798383669,0.00164484267862,0.0,0.138551587355,0.00845158182346,4.87575340271,0.832024395466,309.188004837,438.833333333,18.0,5033.0,1980763.0,754.3050417900085
1,-0.044849556085,0.00163881052686,0.0,0.194876612979,0.00842058725539,4.87575340271,0.699387282133,368.714517223,474.736842105,19.0,5052.0,1989783.0,757.3828132152557
1,-0.0457380135922,0.00157746880905,0.0,0.154467282584,0.00810539926897,4.87575340271,0.829753726721,327.519006592,460.411764706,17.0,5069.0,1997610.0,760.6741054058075
1,-0.0423724704888,0.00196975591098,0.0,0.156284848345,0.0101210610883,4.87575340271,0.723420441151,301.942529424,355.227272727,22.0,5091.0,2005425.0,763.8815643787384
1,-0.0428387049469,0.00180350116261,0.0,0.177871071151,0.00926680574048,4.87575340271,0.860799625516,267.417765196,424.315789474,19.0,5110.0,2013487.0,768.8419184684753
1,-0.0446430566371,0.00209752400951,0.0,0.151982179377,0.0107775631041,4.87575340271,0.841703861952,338.457348877,416.4,20.0,5130.0,2021815.0,771.9846873283386
1,-0.0435281303653,0.00223456646745,0.0,0.190602899995,0.0114817188223,4.87575340271,0.730621397495,388.419660036,447.952380952,21.0,5151.0,2031222.0,775.2341060638428
1,-0.0439336240379,0.00164527928428,0.0,0.177995957085,0.00845382513944,4.87575340271,0.715425938368,297.243029978,349.95,20.0,5171.0,2038221.0,778.4004926681519
1,-0.0477574200486,0.00164894299269,0.0,0.130726268457,0.00847265014454,4.87575340271,0.871251910925,367.879941318,505.823529412,17.0,5188.0,2046820.0,781.5734217166901
1,-0.0459819683165,0.00175990161733,0.0,0.158149400086,0.00904278117378,4.87575340271,0.785897880793,446.414849433,533.466666667,15.0,5203.0,2054822.0,784.688187122345
1,-0.0469492763805,0.00173714288394,0.0,0.181455012062,0.00892584153917,4.87575340271,0.765790358186,249.800559225,390.142857143,21.0,5224.0,2063015.0,787.7145082950592
1,-0.0460855467536,0.00181792378862,0.0,0.132942793018,0.00934091257659,4.87575340271,0.830105006695,443.366515395,503.117647059,17.0,5241.0,2071568.0,790.7830352783203
1,-0.0456679909839,0.00183037981878,0.0,0.171639098087,0.00940491451183,4.87575340271,0.8483543396,344.476076089,407.8,20.0,5261.0,2079724.0,793.6644592285156
1,-0.0424094408809,0.00341938464953,0.0,0.148604533751,0.0175695886574,4.87575340271,0.765765205026,316.483157314,416.055555556,18.0,5279.0,2087213.0,796.9294455051422
1,-0.0481520076719,0.0015948949349,0.0,0.139860610361,0.0081949387386,4.87575340271,0.848023310304,228.640144102,390.608695652,23.0,5302.0,2096197.0,799.9241840839386
1,-0.0442512978479,0.00161230256163,0.0,0.121322750289,0.00828438319149,4.87575340271,0.719453126192,415.30218354,496.764705882,17.0,5319.0,2104642.0,802.8616180419922
1,-0.0478903470794,0.0015759554899,0.0,0.126146260358,0.00809762351855,4.87575340271,0.846240609884,241.046190602,496.4375,16.0,5335.0,2112585.0,807.7935335636139
1,-0.0461349503021,0.00162432384786,0.0,0.182228100835,0.00834615126951,4.87575340271,0.5873003304,617.816163746,558.666666667,15.0,5350.0,2120965.0,810.6943278312683
1,-0.0385711284398,0.00187295244359,0.0,0.11557981628,0.0096236625468,4.87575340271,0.78118558228,202.294512446,405.473684211,19.0,5369.0,2128669.0,813.7377007007599
1,-0.0439152582694,0.00182699650213,0.0,0.166723280097,0.00938753019,4.87575340271,0.6649132967,300.156515568,431.3,20.0,5389.0,2137295.0,816.9093172550201
1,-0.0306736755883,0.00203747038904,0.0,0.130645159632,0.0104689937725,4.87575340271,0.753439128399,431.806160215,524.866666667,15.0,5404.0,2145168.0,820.5588953495026
1,-0.0476725007466,0.00162334396464,0.0,0.139795336872,0.00834111641598,4.87575340271,0.801852926612,296.824564804,423.263157895,19.0,5423.0,2153210.0,823.7711029052734
1,-0.0432613400335,0.00162274827017,0.0,0.16204135865,0.00833805560251,4.87575340271,0.794450730085,264.764390074,394.272727273,22.0,5445.0,2161884.0,827.0560474395752
1,-0.0475759143592,0.00161790360653,0.0,0.156285002129,0.00831316262338,4.87575340271,0.820436269045,280.020499747,397.35,20.0,5465.0,2169831.0,830.4839408397675
0,-0.0609437249659,0.00574101954044,0.0,0.157212504186,0.0294986851222,4.87575340271,0.724580019712,338.935231271,397.476190476,21.0,5486.0,2178178.0,833.6864807605743
1,-0.0458670464868,0.00195082305072,0.0,0.185122035095,0.0100237795923,4.87575340271,0.746244579554,296.059891458,398.789473684,19.0,5505.0,2185755.0,836.7656638622284
1,-0.0432186655125,0.00233901023603,0.0,0.154631991812,0.0120183751351,4.87575340271,0.656134694815,206.859339161,466.666666667,18.0,5523.0,2194155.0,840.1761887073517
1,-0.0450171656703,0.00154036726417,0.0,0.131061577325,0.00791476298036,4.87575340271,0.703525573015,354.934545066,418.80952381,21.0,5544.0,2202950.0,843.3999607563019
1,-0.0453946560592,0.00174523439273,0.0,0.12089724018,0.00896741760516,4.87575340271,0.746465325356,341.210166768,456.1875,16.0,5560.0,2210249.0,848.3212661743164
1,-0.0436547002464,0.0018985889219,0.0,0.200090185739,0.00975538859348,4.87575340271,0.640331506729,252.20301325,341.8,25.0,5585.0,2218794.0,851.5268678665161
1,-0.046655540762,0.00220773703404,0.0,0.160023033735,0.0113438631015,4.87575340271,0.789192855358,231.190558268,337.625,24.0,5609.0,2226897.0,854.7608418464661
1,-0.0440415438061,0.00151553867636,0.0,0.15015647409,0.00778718798392,4.87575340271,0.702106267214,273.249275897,364.045454545,22.0,5631.0,2234906.0,858.0144984722137
1,-0.0476693377714,0.00190786269559,0.0,0.202066300088,0.00980303942197,4.87575340271,0.821549534798,230.108482305,379.636363636,22.0,5653.0,2243258.0,861.1512351036072
1,-0.0491325658804,0.00176417407602,0.0,0.181625024765,0.00906473412761,4.87575340271,0.737191557884,286.807574945,308.321428571,28.0,5681.0,2251891.0,864.3596923351288
1,-0.0444290566811,0.00173447537145,0.0,0.137258141767,0.00891213527211,4.87575340271,0.824849843979,234.789649272,327.076923077,26.0,5707.0,2260395.0,867.5303108692169
1,-0.0490324968414,0.00190057054351,0.0,0.20162351348,0.00976557068498,4.87575340271,0.834313139319,258.700376727,341.913043478,23.0,5730.0,2268259.0,870.8191947937012
1,-0.0492629397195,0.00168685583685,0.0,0.142911775911,0.00866745507665,4.87575340271,0.843104630709,325.720823253,432.111111111,18.0,5748.0,2276037.0,874.0505051612854
1,-0.0450319158117,0.00178411670458,0.0,0.126711528399,0.00916720386886,4.87575340271,0.846241027117,352.015499071,457.944444444,18.0,5766.0,2284280.0,877.3379232883453
1,-0.0412328534003,0.00201145291248,0.0,0.257871396258,0.0103353099548,4.87575340271,0.76675799489,296.836999957,364.130434783,23.0,5789.0,2292655.0,880.484715461731
1,-0.0450256623444,0.00164341642358,0.0,0.167122826679,0.00844425334071,4.87575340271,0.625311523676,212.56910206,301.344827586,29.0,5818.0,2301394.0,883.6882786750793
1,-0.0477144480101,0.0021685398624,0.0,0.249708869494,0.0111424589631,4.87575340271,0.736532866955,253.051040767,291.107142857,28.0,5846.0,2309545.0,888.5504105091095
1,-0.0451463076897,0.00190134172408,0.0,0.159862796194,0.00976953322242,4.87575340271,0.754603981972,330.487341134,332.409090909,22.0,5868.0,2316858.0,891.9794068336487
1,-0.0448276111274,0.00155965501654,0.0,0.0787198278122,0.00801386790408,4.87575340271,0.784136682749,283.822749809,604.384615385,13.0,5881.0,2324715.0,895.3081731796265
1,-0.0438081059692,0.00162121706853,0.0,0.145450900192,0.00833018797857,4.87575340271,0.878163062036,268.739951991,398.0,23.0,5904.0,2333869.0,898.7278640270233
1,-0.0491638803942,0.0015984400743,0.0,0.132937993098,0.00821315449139,4.87575340271,0.825715988874,335.604833796,457.1875,16.0,5920.0,2341184.0,901.8756489753723
1,-0.0381368774251,0.0021167153136,0.0,0.169061808847,0.0108761724259,4.87575340271,0.713969677687,229.366196252,360.6,25.0,5945.0,2350199.0,905.0741367340088
1,-0.0443386654078,0.00160024557408,0.0,0.141108267475,0.00822243157745,4.87575340271,0.448676168919,175.256984968,370.19047619,21.0,5966.0,2357973.0,908.1790564060211
1,-0.0435279926605,0.00178338456681,0.0,0.158671858837,0.00916344200232,4.87575340271,0.828037142754,413.479046406,473.631578947,19.0,5985.0,2366972.0,911.5232710838318
1,-0.0439426202211,0.00183356501839,0.0,0.192504603241,0.00942128078896,4.87575340271,0.780154168606,276.48652167,407.555555556,18.0,6003.0,2374308.0,914.7552764415741
1,-0.0464440597425,0.00177188375983,0.0,0.140120329685,0.00910434823163,4.87575340271,0.843719765544,335.730735719,432.85,20.0,6023.0,2382965.0,917.984236240387
0,-0.0565064688853,0.00574650974522,0.0,0.0921139330894,0.0295268951159,4.87575340271,0.705316781998,257.186846556,415.45,20.0,6043.0,2391274.0,921.2172768115997
1,-0.0434256489389,0.00179370530532,0.0,0.191626743646,0.00921647235373,4.87575340271,0.676148593426,232.915421981,315.24,25.0,6068.0,2399155.0,924.4203345775604
1,-0.0429488653172,0.00243510302425,0.0,0.23214607581,0.0125121220335,4.87575340271,0.825773984194,194.911483681,385.1,20.0,6088.0,2406857.0,927.8544907569885
0,-0.0634270120936,0.00568763589035,0.0,0.0962723571574,0.0292243875738,4.87575340271,0.853701859713,317.358921824,424.35,20.0,6108.0,2415344.0,933.1785225868225
1,-0.0430690763169,0.00168249732997,0.0,0.158350988291,0.00864506007201,4.87575340271,0.707000851631,379.714544196,373.454545455,22.0,6130.0,2423560.0,936.3860197067261
1,-0.0400784041267,0.00210972036439,0.0,0.151599507954,0.0108402307596,4.87575340271,0.843351081014,299.272885011,419.238095238,21.0,6151.0,2432364.0,939.5735256671906
0,-0.0570910057577,0.0057774986708,0.0,0.103953708371,0.0296861233364,4.87575340271,0.903134465218,432.948801426,485.9375,16.0,6167.0,2440139.0,942.1731178760529
1,-0.046658570267,0.00156977448569,0.0,0.167636353406,0.0080658640436,4.87575340271,0.846182823181,300.737203265,364.285714286,21.0,6188.0,2447789.0,945.6106777191162
1,-0.0457786799816,0.00175263834717,0.0,0.143357630121,0.0090054608736,4.87575340271,0.742171138525,220.570801727,418.95,20.0,6208.0,2456168.0,948.6876239776611
1,-0.0423176418699,0.00174328052162,0.0,0.161704708007,0.00895737815881,4.87575340271,0.799376115203,338.273231708,487.823529412,17.0,6225.0,2464461.0,951.7282876968384
1,-0.0450442928341,0.00218631519601,0.0,0.248876174213,0.011233792713,4.87575340271,0.72102856636,216.292497747,345.523809524,21.0,6246.0,2471717.0,954.8435802459717
1,-0.0460306133173,0.00193977464187,0.0,0.186983958003,0.00996701031545,4.87575340271,0.694000452757,371.736568086,403.125,24.0,6270.0,2481392.0,958.0826392173767
1,-0.0482866551611,0.00165665972236,0.0,0.156609872356,0.00851230049011,4.87575340271,0.831421092153,311.933396877,364.590909091,22.0,6292.0,2489413.0,961.152339220047
1,-0.0491013851133,0.00168609419597,0.0,0.151111933286,0.00866354163009,4.87575340271,0.782586142421,326.480894623,347.391304348,23.0,6315.0,2497403.0,964.0330286026001
1,-0.0479552944889,0.00192285317826,0.0,0.186853013234,0.00988006391708,4.87575340271,0.742283165455,304.559385201,437.315789474,19.0,6334.0,2505712.0,967.1891922950745
